<?xml version="1.0" encoding="UTF-8"?>
<mule xmlns:context="http://www.springframework.org/schema/context"
	xmlns:apachekafka="http://www.mulesoft.org/schema/mule/apachekafka"
	xmlns:validation="http://www.mulesoft.org/schema/mule/validation"
	xmlns:scripting="http://www.mulesoft.org/schema/mule/scripting"
	xmlns:json="http://www.mulesoft.org/schema/mule/json" xmlns:metadata="http://www.mulesoft.org/schema/mule/metadata"
	xmlns:dw="http://www.mulesoft.org/schema/mule/ee/dw" xmlns:test="http://www.mulesoft.org/schema/mule/test"
	xmlns:tracking="http://www.mulesoft.org/schema/mule/ee/tracking"
	xmlns:doc="http://www.mulesoft.org/schema/mule/documentation" xmlns="http://www.mulesoft.org/schema/mule/core"
	xmlns:apikit="http://www.mulesoft.org/schema/mule/apikit" xmlns:http="http://www.mulesoft.org/schema/mule/http"
	xmlns:spring="http://www.springframework.org/schema/beans" xmlns:xsi="http://www.w3.org/2001/XMLSchema-instance"
	xsi:schemaLocation="http://www.springframework.org/schema/context http://www.springframework.org/schema/context/spring-context-current.xsd
http://www.mulesoft.org/schema/mule/ee/dw http://www.mulesoft.org/schema/mule/ee/dw/current/dw.xsd
http://www.mulesoft.org/schema/mule/core http://www.mulesoft.org/schema/mule/core/current/mule.xsd
http://www.mulesoft.org/schema/mule/http http://www.mulesoft.org/schema/mule/http/current/mule-http.xsd
http://www.mulesoft.org/schema/mule/apikit http://www.mulesoft.org/schema/mule/apikit/current/mule-apikit.xsd
http://www.springframework.org/schema/beans http://www.springframework.org/schema/beans/spring-beans-3.1.xsd
http://www.mulesoft.org/schema/mule/ee/tracking http://www.mulesoft.org/schema/mule/ee/tracking/current/mule-tracking-ee.xsd
http://www.mulesoft.org/schema/mule/json http://www.mulesoft.org/schema/mule/json/current/mule-json.xsd
http://www.mulesoft.org/schema/mule/scripting http://www.mulesoft.org/schema/mule/scripting/current/mule-scripting.xsd
http://www.mulesoft.org/schema/mule/test http://www.mulesoft.org/schema/mule/test/current/mule-test.xsd
http://www.mulesoft.org/schema/mule/validation http://www.mulesoft.org/schema/mule/validation/current/mule-validation.xsd
http://www.mulesoft.org/schema/mule/apachekafka http://www.mulesoft.org/schema/mule/apachekafka/current/mule-apachekafka.xsd">
	<http:listener-config name="processapiconfiguration"
		host="${http.host}" port="${http.processport}" basePath="/api"
		doc:name="HTTP Listener Configuration" connectionIdleTimeout="300000"/>
	<apikit:config name="processapi-config" raml="api.raml"
		consoleEnabled="false" consolePath="console" keepRamlBaseUri="false"
		doc:name="Router" />
	<http:request-config name="CallingSystemAPI" host="${http.host}"
		port="${http.systemport}" basePath="/api" doc:name="HTTP Request Configuration" connectionIdleTimeout="300000"/>
	<http:request-config name="callinganothersystemapi"
		host="${http.host}" port="${http.addressport}" basePath="/api"
		doc:name="HTTP Request Configuration" connectionIdleTimeout="300000"/>
	<context:property-placeholder
		location="loggingdev.properties,${env}.properties" />
	<flow name="processapi-main">
		<http:listener config-ref="processapiconfiguration"
			path="/process/*" doc:name="HTTP" />
		<apikit:router config-ref="processapi-config" doc:name="APIkit Router" />
		<exception-strategy ref="processapi-apiKitGlobalExceptionMapping"
			doc:name="Reference Exception Strategy" />
	</flow>
	<flow name="processapi-console">
		<http:listener config-ref="processapiconfiguration"
			path="/process/console/*" doc:name="HTTP" />
		<apikit:console config-ref="processapi-config"
			doc:name="APIkit Console" />
	</flow>
	<flow name="ProcessAPIFlow-POST">
		<object-to-string-transformer doc:name="Object to String" />
		<set-variable variableName="InboundProperties"
			value="#[message.inboundProperties.'http.query.params'.CorrelationId]"
			doc:name="CorrelationId" />

		<set-variable variableName="message" value="#[payload]"
			doc:name="Message Payload" />
		<set-variable variableName="ApiName" value="EmployeeDetails-ProcessAPI"
			doc:name="API Name" />
		<set-variable variableName="Queue" value="${queue}"
			doc:name="Queue" />

		<set-variable variableName="Age" value="#[json:'Age']"
			doc:name="Age" />
        <set-variable variableName="messageId" value="#[1]" doc:name="messageId"/>

		<choice doc:name="Choice">
			<when expression="flowVars.Age &lt; 21">
				<set-variable variableName="LogLevel" value="info"
					doc:name="LogLevel" />

			</when>
			<when expression="flowVars.Age &gt; 30">
				<set-variable variableName="LogLevel" value="debug"
					doc:name="LogLevel" />
			</when>
			<otherwise>
				<logger message="Invalid" level="ERROR" doc:name="Logger" />
			</otherwise>
		</choice>
		<choice doc:name="Choice">

			<when expression="flowVars.Queue == &quot;kafka&quot;">
				<apachekafka:producer config-ref="Apache_Kafka__Configuration"
					topic="loggingApplications" key="ProcessAPI-POST" doc:name="Apache Kafka" message="#[flowVars.message]"/>
			</when>
            <otherwise>
                <logger message="Queue is empty" level="INFO" doc:name="Logger"/>
            </otherwise>
		</choice>
        <flow-ref name="loggingapplicationWithMasking" doc:name="loggingapplicationWithMasking"/>
		<set-payload value="#[flowVars.message]" doc:name="Set Payload" />
		<http:request config-ref="CallingSystemAPI" path="/system/employee"
			method="POST" doc:name="SystemAPI-POST">
			<http:request-builder>
                <http:query-param paramName="CorrelationId" value="#[flowVars.LoggerCorrelationId]"/>
                <http:header headerName="Content-Type" value="application/json"/>

			</http:request-builder>
		</http:request>
		<logger message="ProcessAPI POST Response Sent" level="INFO"
			doc:name="Logger" />
	</flow>

	<flow name="ProcessAPIFlow-GET">
		<set-variable variableName="message"
			value="#[message.inboundProperties.'http.query.params'.employeeId]"
			doc:name="Message Payload" />
		<set-variable variableName="InboundProperties"
			value="#[message.inboundProperties.'http.query.params'.CorrelationId]"
			doc:name="Variable" />
		<set-variable variableName="ApiName" value="EmployeeDetails-ProcessAPI"
			doc:name="API Name" />
		<set-variable variableName="Queue" value="${queue}"
			doc:name="Queue" />
        <set-variable variableName="messageId" value="#[1]" doc:name="messageId"/>
		<choice doc:name="Choice">

			<when expression="flowVars.Queue == &quot;kafka&quot;">
				<apachekafka:producer config-ref="Apache_Kafka__Configuration"
					topic="loggingApplications" key="ProcessAPI-GET" message="#[flowVars.message]"
					doc:name="Apache Kafka" />
			</when>
            <otherwise>
                <logger message="Queue is empty" level="INFO" doc:name="Logger"/>
            </otherwise>
		</choice>
        <flow-ref name="loggingapplicationWithoutMasking" doc:name="loggingapplicationWithoutMasking"/>

		<logger message="PROCESSAPI REQUEST SENT" level="INFO"
			doc:name="Logger" />
		<http:request config-ref="CallingSystemAPI" path="/system/employee"
			method="GET" doc:name="SystemEmployeeAPI" metadata:id="fee42ffb-0c17-4fc7-9291-87618b0205af">
			<http:request-builder>
                <http:query-param paramName="employeeId" value="#[flowVars.message]"/>
                <http:query-param paramName="CorrelationId" value="#[flowVars.LoggerCorrelationId]"/>
                <http:header headerName="Content-Type" value="application/json"/>



			</http:request-builder>
		</http:request>

		<byte-array-to-string-transformer
			doc:name="Byte Array to String" />
		<choice doc:name="Choice">
			<when expression="payload.contains(&quot;given&quot;)">
				<set-payload value="#[payload]" doc:name="Set Payload" />
			</when>
			<when expression="payload.size != 0">
				<set-variable variableName="EmployeePayload" value="#[payload]"
					mimeType="text/json" doc:name="Employee Payload" />
			</when>
		</choice>
		<flow-ref name="ProcessAPIGET-subflow" doc:name="ProcessAPIGET-subflow" />

		<catch-exception-strategy doc:name="Catch Exception Strategy">

			<object-to-string-transformer doc:name="Object to String" />
			<logger message="PROCESS EXCEPTION #[payload]" level="INFO"
				doc:name="Logger" />


			<set-payload value="#[payload]" doc:name="Set Payload" />
			<set-variable variableName="ErrorResponse"
				value="#[payload.trim().replaceAll(&quot;[\n]{2,}&quot;, &quot;\\\\n&quot;)]"
				doc:name="Variable" />

			<set-property propertyName="http.status" value="500"
				doc:name="Property" />
			<test:component throwException="true">
			</test:component>
		</catch-exception-strategy>

	</flow>
	<sub-flow name="ProcessAPIGET-subflow">

		<http:request config-ref="callinganothersystemapi" path="/system/address"
			method="GET" doc:name="SystemAddress API">
			<http:request-builder>
				<http:query-param paramName="employeeId" value="#[flowVars.message]" />
				<http:query-param paramName="CorrelationId"
					value="#[flowVars.LoggerCorrelationId]" />


			</http:request-builder>
		</http:request>
		<byte-array-to-string-transformer
			doc:name="Byte Array to String" />
		<choice doc:name="Choice">
			<when expression="payload.contains(&quot;given&quot;) == true">
				<set-payload value="#[payload]" doc:name="Set Payload" />
			</when>
			<when expression="payload.contains(&quot;given&quot;) == false">
				<set-variable variableName="address" value="#[payload]"
					mimeType="text/json" doc:name="Address Payload" />
				<dw:transform-message doc:name="Transform Message">
					<dw:set-payload><![CDATA[%dw 1.0
%output application/json
---
{
employeeId: flowVars.EmployeePayload[0].employeeid as :string,
employeeName: flowVars.EmployeePayload[0].employeename as :string,
Age:flowVars.EmployeePayload[0].age as :string,
address:{
	building:flowVars.address[0].building as :string,
	location:flowVars.address[0].location as :string,
	city:flowVars.address[0].city as :string,
	pin:flowVars.address[0].pin as :string
}

}]]></dw:set-payload>
				</dw:transform-message>
			</when>
		</choice>

		<object-to-string-transformer doc:name="Object to String" />
		<set-variable variableName="message" value="#[payload]"
			doc:name="Message Payload" />
		<set-variable variableName="ApiName" value="EmployeeDetails-ProcessAPI"
			doc:name="API Name" />
        <set-variable variableName="messageId" value="#[flowVars.messageId + 1]" doc:name="messageId"/>
		<choice doc:name="Choice">

			<when expression="flowVars.Queue == &quot;kafka&quot;">
				<apachekafka:producer config-ref="Apache_Kafka__Configuration"
					topic="loggingApplications" key="ProcessAPI-GET" message="#[flowVars.message]"
					doc:name="Apache Kafka" />
			</when>
            <otherwise>
                <logger message="Queue is empty" level="INFO" doc:name="Logger"/>
            </otherwise>
		</choice>
        <flow-ref name="loggingapplicationWithoutMasking" doc:name="loggingapplicationWithoutMasking"/>

		<set-payload value="#[flowVars.message]" doc:name="Set Payload" />

		<logger message="ProcessAPI Response Sent" level="INFO"
			doc:name="Logger" />

	</sub-flow>

	<flow name="get:/employee:processapi-config">
		<flow-ref name="ProcessAPIFlow-GET" doc:name="ProcessAPIFlow-GET" />

		<set-payload value="#[payload]" doc:name="Message Response" />
	</flow>
	<flow name="post:/employee:processapi-config">

		<flow-ref name="ProcessAPIFlow-POST" doc:name="ProcessAPIFlow-POST" />
		<set-payload
			value="{&#xA;&quot;message&quot;:&quot;Employee Details Added&quot;&#xA;}"
			doc:name="POST Employee Response" />
	</flow>
	<apikit:mapping-exception-strategy
		name="processapi-apiKitGlobalExceptionMapping">
		<apikit:mapping statusCode="404">
			<apikit:exception
				value="org.mule.module.apikit.exception.NotFoundException" />
			<set-property propertyName="Content-Type" value="application/json"
				doc:name="Property" />
			<set-payload
				value="{ &quot;message&quot;: &quot;Resource not found&quot; }"
				doc:name="Set Payload" />
		</apikit:mapping>
		<apikit:mapping statusCode="405">
			<apikit:exception
				value="org.mule.module.apikit.exception.MethodNotAllowedException" />
			<set-property propertyName="Content-Type" value="application/json"
				doc:name="Property" />
			<set-payload
				value="{ &quot;message&quot;: &quot;Method not allowed&quot; }"
				doc:name="Set Payload" />
		</apikit:mapping>
		<apikit:mapping statusCode="415">
			<apikit:exception
				value="org.mule.module.apikit.exception.UnsupportedMediaTypeException" />
			<set-property propertyName="Content-Type" value="application/json"
				doc:name="Property" />
			<logger message="IN GLOBAL EXCEPTIOn #[payload]" level="INFO"
				doc:name="Logger" />
			<set-payload
				value="{ &quot;message&quot;: &quot;Unsupported media type&quot; }"
				doc:name="Set Payload" />
		</apikit:mapping>
		<apikit:mapping statusCode="406">
			<apikit:exception
				value="org.mule.module.apikit.exception.NotAcceptableException" />
			<set-property propertyName="Content-Type" value="application/json"
				doc:name="Property" />
			<set-payload value="{ &quot;message&quot;: &quot;Not acceptable&quot; }"
				doc:name="Set Payload" />
		</apikit:mapping>
		<apikit:mapping statusCode="400">
			<apikit:exception
				value="org.mule.module.apikit.exception.BadRequestException" />
			<set-property propertyName="Content-Type" value="application/json"
				doc:name="Property" />
			<set-payload value="{ &quot;message&quot;: &quot;Bad request&quot; }"
				doc:name="Set Payload" />
		</apikit:mapping>
	</apikit:mapping-exception-strategy>
</mule>
