<?xml version="1.0" encoding="UTF-8"?>
<mule xmlns:db="http://www.mulesoft.org/schema/mule/db"
	xmlns:context="http://www.springframework.org/schema/context"
	xmlns:mulexml="http://www.mulesoft.org/schema/mule/xml" xmlns:apachekafka="http://www.mulesoft.org/schema/mule/apachekafka" xmlns:scripting="http://www.mulesoft.org/schema/mule/scripting" xmlns:json="http://www.mulesoft.org/schema/mule/json" xmlns:tracking="http://www.mulesoft.org/schema/mule/ee/tracking" xmlns:metadata="http://www.mulesoft.org/schema/mule/metadata" xmlns:dw="http://www.mulesoft.org/schema/mule/ee/dw"
	xmlns:doc="http://www.mulesoft.org/schema/mule/documentation" xmlns="http://www.mulesoft.org/schema/mule/core" xmlns:apikit="http://www.mulesoft.org/schema/mule/apikit" xmlns:http="http://www.mulesoft.org/schema/mule/http" xmlns:spring="http://www.springframework.org/schema/beans" xmlns:xsi="http://www.w3.org/2001/XMLSchema-instance" xsi:schemaLocation="
http://www.mulesoft.org/schema/mule/db http://www.mulesoft.org/schema/mule/db/current/mule-db.xsd http://www.springframework.org/schema/context http://www.springframework.org/schema/context/spring-context-current.xsd
http://www.springframework.org/schema/beans http://www.springframework.org/schema/beans/spring-beans-current.xsd
http://www.mulesoft.org/schema/mule/http http://www.mulesoft.org/schema/mule/http/current/mule-http.xsd
http://www.mulesoft.org/schema/mule/apikit http://www.mulesoft.org/schema/mule/apikit/current/mule-apikit.xsd
http://www.mulesoft.org/schema/mule/ee/dw http://www.mulesoft.org/schema/mule/ee/dw/current/dw.xsd
http://www.mulesoft.org/schema/mule/core http://www.mulesoft.org/schema/mule/core/current/mule.xsd
http://www.mulesoft.org/schema/mule/ee/tracking http://www.mulesoft.org/schema/mule/ee/tracking/current/mule-tracking-ee.xsd
http://www.mulesoft.org/schema/mule/json http://www.mulesoft.org/schema/mule/json/current/mule-json.xsd
http://www.mulesoft.org/schema/mule/scripting http://www.mulesoft.org/schema/mule/scripting/current/mule-scripting.xsd
http://www.mulesoft.org/schema/mule/apachekafka http://www.mulesoft.org/schema/mule/apachekafka/current/mule-apachekafka.xsd
http://www.mulesoft.org/schema/mule/xml http://www.mulesoft.org/schema/mule/xml/current/mule-xml.xsd">
    <http:listener-config name="api-httpListenerConfig" host="${http.host}" port="${http.expport}" doc:name="HTTP Listener Configuration"/>
 
    <apikit:config name="api-config" raml="api.raml" consoleEnabled="false" doc:name="Router"/>
    <http:request-config name="CallLoggingApiConfiguraion" host="${http.vmhost}" port="${http.loggingport}" basePath="/api" doc:name="HTTP Request Configuration"/>
    <http:request-config name="callingProcessApiConfiguration" host="${http.host}" port="${http.processport}" basePath="/api" doc:name="HTTP Request Configuration"/>
    <global-property name="messageId" value="#[1]" doc:name="Global Property"/>
    <http:request-config name="CallingExceptionComponent" host="${http.vmhost}" port="${http.exceptionport}" basePath="/error" doc:name="HTTP Request Configuration"/>
    <spring:beans>
<spring:import resource="classpath:loggingapplication.xml"/>
</spring:beans>
<context:property-placeholder location="loggingdev.properties,${env}.properties"/>
    <apachekafka:config name="Apache_Kafka__Configuration" bootstrapServers="${kafka.bootstrapServer}" consumerPropertiesFile="consumer.properties" producerPropertiesFile="producer.properties" doc:name="Apache Kafka: Configuration"/>
    <flow name="api-main">
        <http:listener config-ref="api-httpListenerConfig" path="/api/*" doc:name="HTTP"/>
        
        <apikit:router config-ref="api-config" doc:name="APIkit Router"/>
        <exception-strategy ref="api-apiKitGlobalExceptionMapping" doc:name="Reference Exception Strategy"/>
    </flow>
    <flow name="api-console">
        <http:listener config-ref="api-httpListenerConfig" path="/console/*" doc:name="HTTP"/>
        <apikit:console config-ref="api-config" doc:name="APIkit Console"/>
    </flow>
      <flow name="ExperienceAPIFlow-POST">
        <object-to-string-transformer doc:name="Object to String"/>
        <set-variable variableName="message" value="#[payload]" doc:name="Message Payload"/>
         <dw:transform-message doc:name="Transform Message">
            <dw:set-payload><![CDATA[%dw 1.0
%output application/java
---
{
}]]></dw:set-payload>
 <dw:set-variable variableName="employeeId"><![CDATA[%dw 1.0
%output application/java
---
payload.employeeId]]></dw:set-variable>
<dw:set-variable variableName="employeeName"><![CDATA[%dw 1.0
%output application/java
---
payload.employeeName]]></dw:set-variable>

<dw:set-variable variableName="Age"><![CDATA[%dw 1.0
%output application/java
---
payload.Age]]></dw:set-variable>
<dw:set-variable variableName="Building"><![CDATA[%dw 1.0
%output application/java
---
payload.Building]]></dw:set-variable>
<dw:set-variable variableName="Location"><![CDATA[%dw 1.0
%output application/java
---
payload.Location]]></dw:set-variable>
<dw:set-variable variableName="City"><![CDATA[%dw 1.0
%output application/java
---
payload.City]]></dw:set-variable>
<dw:set-variable variableName="PinCode"><![CDATA[%dw 1.0
%output application/java
---
payload.PinCode]]></dw:set-variable>
        </dw:transform-message>
        <logger message="EMPPLL #[flowVars.Building]" level="INFO" doc:name="Logger"/>
        <db:bulk-execute config-ref="MySQL_Configuration" doc:name="Database"><![CDATA[Insert into logsdb.employee(employeeid,employeename,age)
Values ('#[flowVars.employeeId]','#[flowVars.employeeName]','#[flowVars.Age]');

Insert into logsdb.address(employeeid,building,location,city,pin)
Values ('#[flowVars.employeeId]','#[flowVars.Building]','#[flowVars.Location]','#[flowVars.City]', '#[flowVars.PinCode]');]]></db:bulk-execute>

        
        <set-variable variableName="ApiName" value="EmployeeDetails-ExperienceAPI" doc:name="API Name"/>
        <set-variable variableName="Queue" value="${queue}" doc:name="Queue"/>
        <set-variable variableName="messageId" value="#[1]" doc:name="messageId"/>
        <choice doc:name="Choice">
            <when expression="flowVars.Queue == &quot;kafka&quot;">
                <apachekafka:producer config-ref="Apache_Kafka__Configuration" topic="loggingApplications" key="ExperienceAPI-POST" doc:name="Apache Kafka"/>
            </when>
            <otherwise>
                <logger message="No Queue selected" level="INFO" doc:name="Logger"/>
            </otherwise>
        </choice>
        <flow-ref name="loggingapplicationWithMasking" doc:name="loggingapplicationWithMasking"/>
        <set-payload value="#[flowVars.message]" doc:name="Set Payload" mimeType="application/json"/>
        <dw:transform-message doc:name="Transform Message">
            <dw:set-payload><![CDATA[%dw 1.0
%output application/xml
---
{
	EmployeeDetails: 
		payload
	
}]]></dw:set-payload>
        </dw:transform-message>

        <mulexml:xslt-transformer xsl-file="Transformation.xsl" maxIdleTransformers="2" maxActiveTransformers="5" doc:name="XSLT"/>
        <http:request config-ref="callingProcessApiConfiguration" path="/process/employee" method="POST" doc:name="ProcessAPI-POST">
            <http:request-builder>
                <http:query-param paramName="CorrelationId" value="#[flowVars.LoggerCorrelationId]"/>
                <http:header headerName="Content-Type" value="application/json"/>
            </http:request-builder>
        </http:request>
        <logger message="ExperienceAPIPost Response sent" level="INFO" doc:name="Logger"/>
         </flow>

    <flow name="ExperienceAPIFlow-GET">

        <set-variable variableName="message" value="#[message.inboundProperties.'http.query.params'.employeeId]" doc:name="Message Payload"/>
        <set-variable variableName="ApiName" value="EmployeeDetails-ExperienceAPI" doc:name="API Name"/>
        <set-variable variableName="Queue" value="${queue}" doc:name="Queue"/>
        <set-variable variableName="messageId" value="#[1]" doc:name="messageId"/>
        <choice doc:name="Choice">
            <when expression="flowVars.Queue == &quot;kafka&quot;">
                <apachekafka:producer config-ref="Apache_Kafka__Configuration" topic="loggingApplications" key="ExperienceAPI-GET Request" message="#[flowVars.message]" doc:name="Apache Kafka"/>
            </when>
            <otherwise>
                <logger message="No Queue selected" level="INFO" doc:name="Logger"/>
            </otherwise>
        </choice>
        <flow-ref name="loggingapplicationWithoutMasking" doc:name="loggingapplicationWithoutMasking"/>

        <logger message="ExperienceAPI Request Sent" level="INFO" doc:name="Logger"/>

            <flow-ref name="ExperienceAPIGET-subflow" doc:name="ExperienceAPIGET-subflow"/>
        <catch-exception-strategy doc:name="Catch Exception Strategy">
            <object-to-string-transformer doc:name="Object to String"/>

            <set-payload value="#[payload]"  doc:name="Set Payload"/>
            <logger message="IN API EXPERIENCE EXCEPTION" level="INFO" doc:name="Logger"/>
            <set-variable variableName="Transform Message" value="#[payload.trim().replaceAll(&quot;[\n]{2,}&quot;, &quot;\\\\n&quot;)]" doc:name="Variable"/>

            <http:request config-ref="CallingExceptionComponent" path="/transform" method="POST" doc:name="CallingExceptionMapper"/>
            <logger message="EXCEPTION Logged" level="INFO" doc:name="Logger"/>
        </catch-exception-strategy>
            </flow>
    
    <sub-flow name="ExperienceAPIGET-subflow">
<http:request config-ref="callingProcessApiConfiguration" path="/process/employee" method="GET" doc:name="ProcessAPI-GET">
            <http:request-builder>
                <http:query-param paramName="employeeId" value="#[flowVars.message]"/>
                <http:query-param paramName="CorrelationId" value="#[flowVars.LoggerCorrelationId]"/>
                <http:header headerName="Content-Type" value="application/json"/>
            </http:request-builder>
        </http:request>
        <object-to-string-transformer doc:name="Object to String"/>
        <set-variable variableName="InboundProperties" value="#[flowVars.LoggerCorrelationId]" doc:name="InboundProperties"/>
        <set-variable variableName="message" value="#[payload]" doc:name="Message Payload"/>
        <set-variable variableName="ApiName" value="EmployeeDetails-ExperienceAPI" doc:name="ApiName"/>
        <set-variable variableName="messageId" value="#[flowVars.messageId + 1]" doc:name="messageId"/>
        <choice doc:name="Choice">
            <when expression="flowVars.Queue == &quot;kafka&quot;">
                <apachekafka:producer config-ref="Apache_Kafka__Configuration" topic="loggingApplications" key="ExperienceAPI-GET Response" message="#[flowVars.message]" doc:name="Apache Kafka"/>
            </when>
            <otherwise>
                <logger message="No Queue is selected" level="INFO" doc:name="Logger"/>
            </otherwise>
        </choice>
        <flow-ref name="loggingapplicationWithMasking" doc:name="loggingapplicationWithMasking"/>

        <set-payload value="#[flowVars.message]" doc:name="Set Payload"/>
        <logger message="ExperienceAPI Response Sent" level="INFO" doc:name="Logger"/>

        
    </sub-flow>
    <flow name="get:/employee:api-config">
        <flow-ref name="ExperienceAPIFlow-GET" doc:name="ExperienceAPIFlow-GET"/>

        <set-payload value="#[payload]" doc:name="EmployeeGet Response"/>
    </flow>
    <flow name="post:/employee:api-config">
        <flow-ref name="ExperienceAPIFlow-POST" doc:name="ExperienceAPIFlow-POST"/>
        <set-payload value="{&#xA;&quot;message&quot;:&quot;Employee Details Added&quot;&#xA;}" doc:name="Set Payload"/>
    </flow>
    <apikit:mapping-exception-strategy name="api-apiKitGlobalExceptionMapping">
        <apikit:mapping statusCode="404">
            <apikit:exception value="org.mule.module.apikit.exception.NotFoundException" />
            <set-property propertyName="Content-Type" value="application/json" doc:name="Property"/>
            <set-payload value="{ &quot;message&quot;: &quot;Resource not found&quot; }" doc:name="Set Payload"/>
        </apikit:mapping>
        <apikit:mapping statusCode="405">
            <apikit:exception value="org.mule.module.apikit.exception.MethodNotAllowedException" />
            <set-property propertyName="Content-Type" value="application/json" doc:name="Property"/>
            <set-payload value="{ &quot;message&quot;: &quot;Method not allowed&quot; }" doc:name="Set Payload"/>
        </apikit:mapping>
        <apikit:mapping statusCode="415">
            <apikit:exception value="org.mule.module.apikit.exception.UnsupportedMediaTypeException" />
            <set-property propertyName="Content-Type" value="application/json" doc:name="Property"/>
            <set-payload value="{ &quot;message&quot;: &quot;Unsupported media type&quot; }" doc:name="Set Payload"/>
        </apikit:mapping>
        <apikit:mapping statusCode="406">
            <apikit:exception value="org.mule.module.apikit.exception.NotAcceptableException" />
            <set-property propertyName="Content-Type" value="application/json" doc:name="Property"/>
            <set-payload value="{ &quot;message&quot;: &quot;Not acceptable&quot; }" doc:name="Set Payload"/>
        </apikit:mapping>
        <apikit:mapping statusCode="400">
            <apikit:exception value="org.mule.module.apikit.exception.BadRequestException" />
            <set-property propertyName="Content-Type" value="application/json" doc:name="Property"/>
            <set-payload value="{ &quot;message&quot;: &quot;Bad request&quot; }" doc:name="Set Payload"/>
        </apikit:mapping>
    </apikit:mapping-exception-strategy>
</mule>
