<?xml version="1.0" encoding="UTF-8"?>
<mule xmlns:apachekafka="http://www.mulesoft.org/schema/mule/apachekafka" xmlns:context="http://www.springframework.org/schema/context" xmlns:mulexml="http://www.mulesoft.org/schema/mule/xml"
    xmlns:test="http://www.mulesoft.org/schema/mule/test"
	xmlns:scripting="http://www.mulesoft.org/schema/mule/scripting" xmlns:json="http://www.mulesoft.org/schema/mule/json" xmlns:db="http://www.mulesoft.org/schema/mule/db" xmlns:metadata="http://www.mulesoft.org/schema/mule/metadata" xmlns:dw="http://www.mulesoft.org/schema/mule/ee/dw"
	xmlns:tracking="http://www.mulesoft.org/schema/mule/ee/tracking" xmlns:doc="http://www.mulesoft.org/schema/mule/documentation" xmlns="http://www.mulesoft.org/schema/mule/core" xmlns:apikit="http://www.mulesoft.org/schema/mule/apikit" xmlns:http="http://www.mulesoft.org/schema/mule/http" xmlns:spring="http://www.springframework.org/schema/beans" xmlns:xsi="http://www.w3.org/2001/XMLSchema-instance" xsi:schemaLocation="http://www.mulesoft.org/schema/mule/xml http://www.mulesoft.org/schema/mule/xml/current/mule-xml.xsd
http://www.mulesoft.org/schema/mule/ee/dw http://www.mulesoft.org/schema/mule/ee/dw/current/dw.xsd
http://www.mulesoft.org/schema/mule/core http://www.mulesoft.org/schema/mule/core/current/mule.xsd
http://www.mulesoft.org/schema/mule/http http://www.mulesoft.org/schema/mule/http/current/mule-http.xsd
http://www.mulesoft.org/schema/mule/apikit http://www.mulesoft.org/schema/mule/apikit/current/mule-apikit.xsd
http://www.springframework.org/schema/beans http://www.springframework.org/schema/beans/spring-beans-3.1.xsd
http://www.mulesoft.org/schema/mule/ee/tracking http://www.mulesoft.org/schema/mule/ee/tracking/current/mule-tracking-ee.xsd
http://www.mulesoft.org/schema/mule/db http://www.mulesoft.org/schema/mule/db/current/mule-db.xsd
http://www.mulesoft.org/schema/mule/json http://www.mulesoft.org/schema/mule/json/current/mule-json.xsd
http://www.mulesoft.org/schema/mule/scripting http://www.mulesoft.org/schema/mule/scripting/current/mule-scripting.xsd
http://www.mulesoft.org/schema/mule/test http://www.mulesoft.org/schema/mule/test/current/mule-test.xsd
http://www.springframework.org/schema/context http://www.springframework.org/schema/context/spring-context-current.xsd
http://www.mulesoft.org/schema/mule/apachekafka http://www.mulesoft.org/schema/mule/apachekafka/current/mule-apachekafka.xsd">
    <http:listener-config name="systemapiconfiguration" host="${http.host}" port="${http.systemport}" basePath="/api" doc:name="HTTP Listener Configuration"/>
    <apikit:config name="systemapi-config" raml="api.raml" consoleEnabled="true" consolePath="console" keepRamlBaseUri="false" doc:name="Router"/>
    <http:listener-config name="systemapi" host="${http.host}" port="${http.addressport}" basePath="/api" doc:name="HTTP Listener Configuration"/>
    <db:mysql-config name="MySQL_Configuration" host="${db.host}" port="${db.port}" user="${db.username}" password="${db.password}" database="${db.databasename}" doc:name="MySQL Configuration"/>

   <context:property-placeholder location="loggingdev.properties,${env}.properties"/>
   
    <flow name="systemapi-main">
        <http:listener config-ref="systemapiconfiguration" path="/system/*" doc:name="HTTP"/>
        <apikit:router config-ref="systemapi-config" doc:name="APIkit Router"/>
        <exception-strategy ref="systemapi-apiKitGlobalExceptionMapping" doc:name="Reference Exception Strategy"/>
    </flow>
    <flow name="systemapi-console">
        <http:listener config-ref="systemapiconfiguration" path="/system/console/*" doc:name="HTTP"/>
        <apikit:console config-ref="systemapi-config" doc:name="APIkit Console"/>
    </flow>
     <flow name="SystemApiFlow-POST">
        <set-variable variableName="message" value="Records inserted into the database" doc:name="Message"/>
        <set-variable variableName="ApiName" value="EmployeeDetails-SystemAPI" doc:name="API Name"/>
        <set-variable variableName="InboundProperties" value="#[message.inboundProperties.'http.query.params'.CorrelationId]" doc:name="InboundProperties"/>
        <set-variable variableName="Queue" value="${queue}" doc:name="Queue"/>
        <set-variable variableName="messageId" value="#[1]" doc:name="messageId"/>
         <choice doc:name="Choice">

            <when expression="flowVars.Queue == &quot;kafka&quot;">
                <apachekafka:producer config-ref="Apache_Kafka__Configuration" topic="loggingApplications" key="SystemAPI-POST" doc:name="Apache Kafka"/>
            </when>
            <otherwise>
                <logger message="No Queue is selected" level="INFO" doc:name="Logger"/>
            </otherwise>
        </choice>
        <flow-ref name="loggingapplicationWithoutMasking" doc:name="loggingapplicationWithoutMasking"/>

        <logger message="SystemAPI Post Request Sent" level="INFO" doc:name="Logger"/>
    </flow>
   <flow name="SystemAPIFlow-GETEmployeeDetails">

        <set-variable variableName="FlowName" value="SystemAPIFlow-GETEmployeeDetails" doc:name="Flow Name"/>
        <set-variable variableName="message" value="#[message.inboundProperties.'http.query.params'.employeeId]" doc:name="Message Payload"/>
        <set-variable variableName="InboundProperties" value="#[message.inboundProperties.'http.query.params'.CorrelationId]" doc:name="InboundProperties"/>
        <set-variable variableName="ApiName" value="EmployeeDetails-SystemAPI" doc:name="API Name"/>
        <set-variable variableName="Queue" value="${queue}" doc:name="Queue"/>
        <set-variable variableName="messageId" value="#[1]" doc:name="messageId"/>
        <choice doc:name="Choice">

            <when expression="flowVars.Queue == &quot;kafka&quot;">
                <apachekafka:producer config-ref="Apache_Kafka__Configuration" topic="loggingApplications" key="SystemAPI-GET Request" message="#[flowVars.message]" doc:name="Apache Kafka"/>
            </when>
            <otherwise>
                <logger message="No Queue is selected" level="INFO" doc:name="Logger"/>
            </otherwise>
        </choice>
        <flow-ref name="loggingapplicationWithoutMasking" doc:name="loggingapplicationWithoutMasking"/>


        <flow-ref name="SystemEmployeeAPIGET-subflow" doc:name="SystemEmployeeAPIGET-subflow"/>
        <catch-exception-strategy doc:name="Catch Exception Strategy">
            <object-to-string-transformer doc:name="Object to String"/>
            <set-variable variableName="Description" value="#[exception.message.toString()]" doc:name="Description"/>
            <set-variable variableName="ExceptionMessageData" value="#[flowVars.Description.trim().replaceAll(&quot;[\n]{2,}&quot;, &quot;\\\\n&quot;)]" doc:name="ExceptionMessageData"/>

            <set-variable variableName="Exception" value="#[exception]" doc:name="Exception" mimeType="text/plain"/>
            <object-to-string-transformer doc:name="Object to String"/>
            <logger message="CAME TO EXCEPTIONNN " level="INFO" doc:name="Logger"/>
            <set-variable variableName="message" value="#[flowVars.Exception.toString()]" doc:name="Message Payload"/>
            <!-- <flow-ref name="loggingapplicationWithoutMasking" doc:name="loggingapplicationWithoutMasking"/> -->
          <dw:transform-message doc:name="Transform Message">
                <dw:set-payload><![CDATA[%dw 1.0
%output application/json
---
{
	correlationId:flowVars.InboundProperties,
	messageId:1,
	logLevel:"exception",
	apiName:"EmployeeDetails-ExceptionAPI",
	apiVersion:"1.1",
	resourceUrl:flowVars.requestParam,
	threadId:"1234",
	timeStamp:"",
	message:flowVars.message ++ "from " ++ flowVars.FlowName,
	headers:sessionVars.headers
}]]></dw:set-payload>
            </dw:transform-message>

            <choice doc:name="Choice">

                <when expression="flowVars.Queue == &quot;kafka&quot;">
                    <apachekafka:producer config-ref="Apache_Kafka__Configuration" topic="loggingApplications" key="ExceptionRequest" message="#[flowVars.message]" doc:name="Apache Kafka"/>
                </when>
                <otherwise>
                    <logger message="No Queue is selected" level="INFO" doc:name="Logger"/>
                </otherwise>
            </choice>
            <http:request config-ref="CallLoggingApiConfiguraion" path="/logMessage" method="POST" doc:name="Call LoggingAPI"/>
            <set-variable variableName="message"
				value="{ &quot;httpStatus&quot;:&quot;404&quot;, &quot;errorCode&quot;:&quot;3002&quot;, &quot;apiName&quot;:&quot;EmployeeAPP&quot;, &quot;description&quot;: &quot;Records Not found&quot;,&quot;severity&quot;:&quot;Medium&quot;,&quot;resourceUrl&quot;:&quot;api/employee/system&quot;,&quot;notificationPreferences&quot;:[&quot;JIRA&quot;,&quot;Notification&quot;],&quot;eventType&quot;:&quot;Exception&quot;,&quot;mailTo&quot;:&quot;abinaya.mahadevan@capgemini.com&quot;,&quot;messageTo&quot;:&quot;123455678&quot;,&quot;notificationType&quot;:[&quot;SLACK&quot;] }"
				doc:name="ExceptionPayload" />
            <set-property propertyName="http.status" value="500" doc:name="Property"/>
            <test:component throwException="true"/>
            <logger message="Exception Logged #[payload]" level="INFO" doc:name="Logger"/>
</catch-exception-strategy>

    </flow>
    <sub-flow name="SystemEmployeeAPIGET-subflow">
        <logger message="SystemAPI Employee Request Sent" level="INFO" doc:name="Logger"/>
        <set-variable variableName="FlowName" value="SystemEmployeeAPIGET-subflow" doc:name="Flow Name"/>
        <db:select config-ref="MySQL_Configuration" doc:name="Database">
            <db:parameterized-query><![CDATA[select * from logsdb.employee where employeeid = #[flowVars.message]]]></db:parameterized-query>
        </db:select>
        <choice doc:name="Choice">
            <when expression="payload.isEmpty()">
              <set-payload
					value="The given employeeID #[flowVars.message] not available in the table."
					doc:name="Set Payload" />
					<set-property propertyName="http.status" value="404"
				doc:name="Property" />
			<test:component throwException="true" />

            </when>
            <when expression="payload.size() != 0">
                <set-payload value="#[payload]" doc:name="Set Payload"/>
                <json:object-to-json-transformer doc:name="Object to JSON"/>

            </when>
        </choice>

        <set-variable variableName="message" value="#[payload]" doc:name="EmployeePayload"/>
        <set-variable variableName="ApiName" value="EmployeeDetails-SystemAPI" doc:name="API Name"/>
        <set-variable variableName="messageId" value="#[flowVars.messageId + 1]" doc:name="messageId"/>
        <choice doc:name="Choice">

            <when expression="flowVars.Queue == &quot;kafka&quot;">
                <apachekafka:producer config-ref="Apache_Kafka__Configuration" topic="loggingApplications" key="SystemAPI-GET Response" message="#[flowVars.message]" doc:name="Apache Kafka"/>
            </when>
            <otherwise>
                <logger message="No Queue is selected" level="INFO" doc:name="Logger"/>
            </otherwise>
        </choice>
        <flow-ref name="loggingapplicationWithoutMasking" doc:name="loggingapplicationWithoutMasking"/>


        <logger message="SystemAPI Employee Response Sent" level="INFO" doc:name="Logger"/>
    </sub-flow>
    <flow name="SystemAPIFlow-GETAddressDetails">
        <http:listener config-ref="systemapi" path="/system/address" allowedMethods="GET" doc:name="SystemAddressAPI"/>
        <set-variable variableName="message" value="#[message.inboundProperties.'http.query.params'.employeeId.toString()]" doc:name="Message Payload"/>
        <set-variable variableName="InboundProperties" value="#[message.inboundProperties.'http.query.params'.CorrelationId]" doc:name="InboundProperties"/>
        <set-variable variableName="ApiName" value="AddressDetails-SystemAPI" doc:name="API Name"/>
        <set-variable variableName="Queue" value="${queue}" doc:name="Queue"/>
        <set-variable variableName="messageId" value="#[1]" doc:name="messageId"/>
        <choice doc:name="Choice">

            <when expression="flowVars.Queue == &quot;kafka&quot;">
                <apachekafka:producer config-ref="Apache_Kafka__Configuration" topic="loggingApplications" key="SystemAddressAPI-GET Request" message="#[flowVars.message]" doc:name="Apache Kafka"/>
            </when>
            <otherwise>
                <logger message="No Queue is selected" level="INFO" doc:name="Logger"/>
            </otherwise>
        </choice>
        <flow-ref name="loggingapplicationWithoutMasking" doc:name="loggingapplicationWithoutMasking"/>


        <logger message="SystemAPI Address Request Sent" level="INFO" doc:name="Logger"/>
        <flow-ref name="SystemAddressAPIGET-subflow" doc:name="SystemAddressAPIGET-subflow"/>
    </flow>
     <sub-flow name="SystemAddressAPIGET-subflow">
        <db:select config-ref="MySQL_Configuration" doc:name="Database">
            <db:parameterized-query><![CDATA[select * from logsdb.address where employeeid = #[flowVars.message]]]></db:parameterized-query>
        </db:select>

        <choice doc:name="Choice">
            <when expression="payload.isEmpty()">
                <set-payload value="The given employeeId #[flowVars.message] not available in the table." doc:name="Set Payload"/>

            </when>
            <when expression="payload.size() != 0">
                <set-payload value="#[payload]" doc:name="Set Payload"/>
                <json:object-to-json-transformer doc:name="Object to JSON"/>

            </when>
        </choice>


        <set-variable variableName="message" value="#[payload]" doc:name="AddressPayload"/>
        <set-variable variableName="ApiName" value="AddressDetails-SystemAPI" doc:name="API Name"/>
        <set-variable variableName="messageId" value="#[flowVars..messageId + 1]" doc:name="messageId"/>
        <choice doc:name="Choice">

            <when expression="flowVars.Queue == &quot;kafka&quot;">
                <apachekafka:producer config-ref="Apache_Kafka__Configuration" topic="loggingApplications" key="SystemAddressAPI-GET Response" message="#[flowVars.message]" doc:name="Apache Kafka"/>
            </when>
            <otherwise>
                <logger message="No Queue is selected" level="INFO" doc:name="Logger"/>
            </otherwise>
        </choice>
        <flow-ref name="loggingapplicationWithoutMasking" doc:name="loggingapplicationWithoutMasking"/>


        <logger message="SystemAPI Address Response Sent" level="INFO" doc:name="Logger"/>
        <set-payload value="#[flowVars.message]" doc:name="Set Address Response"/>
    </sub-flow>
   
       <flow name="get:/employee:systemapi-config">
        <flow-ref name="SystemAPIFlow-GETEmployeeDetails" doc:name="SystemAPIFlow-GETEmployeeDetails"/>


        <set-payload value="#[flowVars.message]" doc:name="Employee Response"/>
    </flow>
    <flow name="post:/employee:systemapi-config">
        <flow-ref name="SystemApiFlow-POST" doc:name="SystemApiFlow-POST"/>
        <set-payload value="{&#xA;&quot;message&quot;:&quot;Employee Details Added&quot;&#xA;}" doc:name="Set Employee Response"/>
    </flow>
    <apikit:mapping-exception-strategy name="systemapi-apiKitGlobalExceptionMapping">
        <apikit:mapping statusCode="404">
            <apikit:exception value="org.mule.module.apikit.exception.NotFoundException" />
            <set-property propertyName="Content-Type" value="application/json" doc:name="Property"/>
            <set-payload value="{ &quot;message&quot;: &quot;Resource not found&quot; }" doc:name="Set Payload"/>
        </apikit:mapping>
        <apikit:mapping statusCode="405">
            <apikit:exception value="org.mule.module.apikit.exception.MethodNotAllowedException" />
            <set-property propertyName="Content-Type" value="application/json" doc:name="Property"/>
            <set-payload value="{ &quot;message&quot;: &quot;Method not allowed&quot; }" doc:name="Set Payload"/>
        </apikit:mapping>
        <apikit:mapping statusCode="415">
            <apikit:exception value="org.mule.module.apikit.exception.UnsupportedMediaTypeException" />
            <set-property propertyName="Content-Type" value="application/json" doc:name="Property"/>
            <logger message="SYSTEM GLOBAL EXCEPTION" level="INFO" doc:name="Logger"/>
            <set-payload value="{ &quot;message&quot;: &quot;Unsupported media type&quot; }" doc:name="Set Payload"/>
        </apikit:mapping>
        <apikit:mapping statusCode="406">
            <apikit:exception value="org.mule.module.apikit.exception.NotAcceptableException" />
            <set-property propertyName="Content-Type" value="application/json" doc:name="Property"/>
            <set-payload value="{ &quot;message&quot;: &quot;Not acceptable&quot; }" doc:name="Set Payload"/>
        </apikit:mapping>
        <apikit:mapping statusCode="400">
            <apikit:exception value="org.mule.module.apikit.exception.BadRequestException" />
            <set-property propertyName="Content-Type" value="application/json" doc:name="Property"/>
            <set-payload value="{ &quot;message&quot;: &quot;Bad request&quot; }" doc:name="Set Payload"/>
        </apikit:mapping>
    </apikit:mapping-exception-strategy>
</mule>
