<?xml version="1.0" encoding="UTF-8" standalone="yes"?>
<mule-project xmlns="http://www.mulesoft.com/tooling/project" runtimeId="org.mule.tooling.server.3.8.5.ee" schemaVersion="5.3.0.0">
    <name>employeedetailsproject</name>
    <description></description>
    <muleExtension name="Anypoint MQ" qualifier="org.mule.tooling.messaging.contribution"/>
    <muleExtension name="Apache Kafka" qualifier="org.mule.tooling.ui.contribution.apachekafka.3.7.0"/>
    <muleExtension name="Filters" qualifier="org.mule.tooling.ui.contribution.filters.3.5.4"/>
    <muleExtension name="Jira Rest" qualifier="org.mule.tooling.ui.contribution.jirarest.3.6.0"/>
</mule-project>
